INSERT INTO dbo.BalanceGroups
(
    BalanceGroup,
    BalanceGroupName
)
VALUES
('10000',	'Группа 10001 Банкноты и монеты в оборотной кассе'),
('10001',	'Банкноты и монеты в оборотной кассе'),
('10002',	'Банкноты и монеты в сберегательных кассах'),
('10003',	'Банкноты и монеты в пути'),
('10004',	'Банкноты и монеты в банкоматах'),
('10005',	'Денежные средства в терминалах'),
('10100',	'Группа 10100 Корреспондентские счета'),
('10101',	'Корреспондентский счет в Национальном банке Кыргызской Республики'),
('10102',	'Корреспондентские счета в банках-нерезидентах'),
('10103',	'Корреспондентские счета в иностранной валюте банках-резидентах')

INSERT dbo.BalanceGroupCount
(
    BalanceGroup
)
VALUES
('10000'),
('10001'),
('10002'),
('10003'),
('10004'),
('10005'),
('10100'),
('10101'),
('10102'),
('10103')


INSERT INTO dbo.Currencies
(
    CurrencyID,
    CurrencySymbol,
    CurrencyName
)
VALUES
( 36, N'AUD', N'Австралийский доллар' ), 
( 124, N'CAD', N'Канадский доллар' ), 
( 156, N'CNY', N'Китайский юань' ), 
( 392, N'JPY', N'Японская иена' ), 
( 398, N'KZT', N'Казахский тенге' ), 
( 417, N'KGS', N'Сом' ), 
( 643, N'RUB', N'Российский рубль' ), 
( 756, N'CHF', N'Швейцарский франк' ), 
( 826, N'GBP', N'Английский Фунт стерлингов' ), 
( 840, N'USD', N'Доллар США' ), 
( 860, N'UZS', N'Узбекский сум' ), 
( 933, N'BYN', N'Белорусский рубль' ), 
( 949, N'TRY', N'Турецкая лира' ), 
( 959, N'XAU', N'Золото (долл/за 1 унц)' ), 
( 961, N'XAG', N'Серебро (долл/за 1 унц)' ), 
( 962, N'XPT', N'Платина (долл/за 1 унц)' ), 
( 978, N'EUR', N'Евро' ), 
( 980, N'UAH', N'Украинская гривна' ), 
( 985, N'PLN', N'Польский злотый' ), 
( 1959, N'YAU', N'Золото (фиксинг)' )


-- Restrictions
-- PRIMARY KEY
-- DEFAULT
-- CHECK
-- UNIQUE
-- FOREIGN KEY

EXEC dbo.OpenNewAccount @CurrencyID = 417,    -- int
                        @BalanceGroup = '10001', -- char(5)
                        @AccountName = N'Банкноты и монеты в оборотной кассе мой первый счет 2'  -- nvarchar(255)
